DisplayOrder,DORA_Chapter,DORA_Section,DORA_URL,DORA_Article_Index,DORA_Title,Article Applicable,RTS_Title,RTS_Chapter,RTS_Section,RTS_URL,RTS_Article_Index,RTS_Article_Title,RTS Applicable,Rationale
1.00,GV - Govern,Organizational Context,https://www.nist.gov/cyberframework,GV.OC-01,Organizational mission understood and informs cybersecurity risk management,Y,,,,,,,,
2.00,GV - Govern,Risk Management Strategy,https://www.nist.gov/cyberframework,GV.RM-01,Risk management objectives established and agreed by stakeholders,Y,,,,,,,,
3.00,GV - Govern,Cybersecurity Supply Chain,https://www.nist.gov/cyberframework,GV.SC-01,Cyber supply chain risk management programme established,Y,,,,,,,,
4.00,ID - Identify,Asset Management,https://www.nist.gov/cyberframework,ID.AM-01,Inventories of hardware managed,Y,,,,,,,,
5.00,ID - Identify,Asset Management,https://www.nist.gov/cyberframework,ID.AM-02,Inventories of software services and systems managed,Y,,,,,,,,
6.00,ID - Identify,Risk Assessment,https://www.nist.gov/cyberframework,ID.RA-01,Vulnerabilities in assets identified and recorded,Y,,,,,,,,
7.00,PR - Protect,Identity Management & Access Control,https://www.nist.gov/cyberframework,PR.AA-01,Identities and credentials managed for authorised users,Y,,,,,,,,
8.00,PR - Protect,Identity Management & Access Control,https://www.nist.gov/cyberframework,PR.AA-05,Access permissions enforced on least privilege,Y,,,,,,,,
9.00,PR - Protect,Platform Security,https://www.nist.gov/cyberframework,PR.PS-01,Configuration management practices established,Y,,,,,,,,
10.00,PR - Protect,Platform Security,https://www.nist.gov/cyberframework,PR.PS-02,Software is maintained replaced and patched,Y,,,,,,,,
11.00,DE - Detect,Continuous Monitoring,https://www.nist.gov/cyberframework,DE.CM-09,Computing hardware and software scanned for vulnerabilities,Y,,,,,,,,
12.00,RS - Respond,Incident Management,https://www.nist.gov/cyberframework,RS.MA-01,Incident response plan executed during an incident,Y,,,,,,,,
13.00,RS - Respond,Incident Analysis,https://www.nist.gov/cyberframework,RS.MA-03,Incidents are categorised and prioritised,Y,,,,,,,,
14.00,RC - Recover,Incident Recovery Plan,https://www.nist.gov/cyberframework,RC.RP-01,Recovery plan executed during or after an incident,Y,,,,,,,,
15.00,RC - Recover,Incident Recovery Communication,https://www.nist.gov/cyberframework,RC.CO-03,Recovery activities communicated to stakeholders,Y,,,,,,,,
16.00,PR - Protect,Data Security,https://www.nist.gov/cyberframework,PR.DS-11,Backups of data created maintained and tested,Y,,,,,,,,
